[{"model": "lunchreports.teacher", "pk": 1, "fields": {"name": "Mr. Smith"}}, {"model": "lunchreports.teacher", "pk": 2, "fields": {"name": "Mrs. Johnson"}}, {"model": "lunchreports.teacher", "pk": 3, "fields": {"name": "Ms. Davis"}}, {"model": "lunchreports.student", "pk": 1, "fields": {"name": "Alexander", "teacher": 1}}, {"model": "lunchreports.student", "pk": 2, "fields": {"name": "Beatrice", "teacher": 1}}, {"model": "lunchreports.student", "pk": 3, "fields": {"name": "Christopher", "teacher": 1}}, {"model": "lunchreports.student", "pk": 4, "fields": {"name": "Danielle", "teacher": 1}}, {"model": "lunchreports.student", "pk": 5, "fields": {"name": "Ethan", "teacher": 1}}, {"model": "lunchreports.student", "pk": 6, "fields": {"name": "Fiona", "teacher": null}}, {"model": "lunchreports.student", "pk": 7, "fields": {"name": "Gabriel", "teacher": 2}}, {"model": "lunchreports.student", "pk": 8, "fields": {"name": "Harper", "teacher": 2}}, {"model": "lunchreports.student", "pk": 9, "fields": {"name": "Isabella", "teacher": 2}}, {"model": "lunchreports.student", "pk": 10, "fields": {"name": "James", "teacher": 2}}, {"model": "lunchreports.student", "pk": 11, "fields": {"name": "Katherine", "teacher": null}}, {"model": "lunchreports.student", "pk": 12, "fields": {"name": "Liam", "teacher": 3}}, {"model": "lunchreports.student", "pk": 13, "fields": {"name": "Madison", "teacher": 3}}, {"model": "lunchreports.lunchitem", "pk": 1, "fields": {"name": "Pizza"}}, {"model": "lunchreports.lunchitem", "pk": 2, "fields": {"name": "Hamburger"}}, {"model": "lunchreports.lunchitem", "pk": 3, "fields": {"name": "Salad"}}, {"model": "lunchreports.lunchitem", "pk": 4, "fields": {"name": "Soup"}}, {"model": "lunchreports.lunchitem", "pk": 5, "fields": {"name": "Taco"}}, {"model": "lunchreports.lunchitem", "pk": 6, "fields": {"name": "Cookie"}}, {"model": "lunchreports.lunchitem", "pk": 7, "fields": {"name": "Apple"}}, {"model": "lunchreports.lunchitemorder", "pk": 1, "fields": {"student": 1, "teacher": null, "lunch_item": 1, "quantity": 1}}, {"model": "lunchreports.lunchitemorder", "pk": 2, "fields": {"student": 1, "teacher": null, "lunch_item": 6, "quantity": 2}}, {"model": "lunchreports.lunchitemorder", "pk": 3, "fields": {"student": 1, "teacher": null, "lunch_item": 7, "quantity": 1}}, {"model": "lunchreports.lunchitemorder", "pk": 4, "fields": {"student": 1, "teacher": null, "lunch_item": 1, "quantity": 3}}, {"model": "lunchreports.lunchitemorder", "pk": 5, "fields": {"student": 2, "teacher": null, "lunch_item": 7, "quantity": 10}}, {"model": "lunchreports.lunchitemorder", "pk": 6, "fields": {"student": 2, "teacher": null, "lunch_item": 2, "quantity": 1}}, {"model": "lunchreports.lunchitemorder", "pk": 7, "fields": {"student": 2, "teacher": null, "lunch_item": 7, "quantity": 1}}, {"model": "lunchreports.lunchitemorder", "pk": 8, "fields": {"student": 3, "teacher": null, "lunch_item": 2, "quantity": 2}}, {"model": "lunchreports.lunchitemorder", "pk": 9, "fields": {"student": 3, "teacher": null, "lunch_item": 3, "quantity": 1}}, {"model": "lunchreports.lunchitemorder", "pk": 10, "fields": {"student": 3, "teacher": null, "lunch_item": 6, "quantity": 1}}, {"model": "lunchreports.lunchitemorder", "pk": 11, "fields": {"student": 4, "teacher": null, "lunch_item": 4, "quantity": 1}}, {"model": "lunchreports.lunchitemorder", "pk": 12, "fields": {"student": 4, "teacher": null, "lunch_item": 7, "quantity": 1}}, {"model": "lunchreports.lunchitemorder", "pk": 13, "fields": {"student": 5, "teacher": null, "lunch_item": 5, "quantity": 1}}, {"model": "lunchreports.lunchitemorder", "pk": 14, "fields": {"student": 5, "teacher": null, "lunch_item": 6, "quantity": 1}}, {"model": "lunchreports.lunchitemorder", "pk": 15, "fields": {"student": 6, "teacher": null, "lunch_item": 1, "quantity": 1}}, {"model": "lunchreports.lunchitemorder", "pk": 16, "fields": {"student": 6, "teacher": null, "lunch_item": 7, "quantity": 1}}, {"model": "lunchreports.lunchitemorder", "pk": 17, "fields": {"student": 6, "teacher": null, "lunch_item": 6, "quantity": 1}}, {"model": "lunchreports.lunchitemorder", "pk": 18, "fields": {"student": 6, "teacher": null, "lunch_item": 1, "quantity": 1}}, {"model": "lunchreports.lunchitemorder", "pk": 19, "fields": {"student": 7, "teacher": null, "lunch_item": 2, "quantity": 1}}, {"model": "lunchreports.lunchitemorder", "pk": 20, "fields": {"student": 7, "teacher": null, "lunch_item": 6, "quantity": 1}}, {"model": "lunchreports.lunchitemorder", "pk": 21, "fields": {"student": 8, "teacher": null, "lunch_item": 3, "quantity": 2}}, {"model": "lunchreports.lunchitemorder", "pk": 22, "fields": {"student": 8, "teacher": null, "lunch_item": 7, "quantity": 2}}, {"model": "lunchreports.lunchitemorder", "pk": 23, "fields": {"student": 8, "teacher": null, "lunch_item": 3, "quantity": 5}}, {"model": "lunchreports.lunchitemorder", "pk": 24, "fields": {"student": 9, "teacher": null, "lunch_item": 4, "quantity": 1}}, {"model": "lunchreports.lunchitemorder", "pk": 25, "fields": {"student": 9, "teacher": null, "lunch_item": 6, "quantity": 1}}, {"model": "lunchreports.lunchitemorder", "pk": 26, "fields": {"student": 10, "teacher": null, "lunch_item": 5, "quantity": 1}}, {"model": "lunchreports.lunchitemorder", "pk": 27, "fields": {"student": 10, "teacher": null, "lunch_item": 7, "quantity": 1}}, {"model": "lunchreports.lunchitemorder", "pk": 28, "fields": {"student": 11, "teacher": null, "lunch_item": 1, "quantity": 1}}, {"model": "lunchreports.lunchitemorder", "pk": 29, "fields": {"student": 11, "teacher": null, "lunch_item": 6, "quantity": 1}}, {"model": "lunchreports.lunchitemorder", "pk": 30, "fields": {"student": 13, "teacher": null, "lunch_item": 7, "quantity": 22}}, {"model": "lunchreports.lunchitemorder", "pk": 31, "fields": {"student": 13, "teacher": null, "lunch_item": 2, "quantity": 1}}, {"model": "lunchreports.lunchitemorder", "pk": 32, "fields": {"student": null, "teacher": 1, "lunch_item": 1, "quantity": 1}}, {"model": "lunchreports.lunchitemorder", "pk": 33, "fields": {"student": null, "teacher": 1, "lunch_item": 6, "quantity": 12}}, {"model": "lunchreports.lunchitemorder", "pk": 34, "fields": {"student": null, "teacher": 1, "lunch_item": 7, "quantity": 1}}, {"model": "lunchreports.lunchitemorder", "pk": 35, "fields": {"student": null, "teacher": 1, "lunch_item": 1, "quantity": 3}}, {"model": "lunchreports.lunchitemorder", "pk": 36, "fields": {"student": null, "teacher": 3, "lunch_item": 2, "quantity": 1}}, {"model": "lunchreports.lunchitemorder", "pk": 37, "fields": {"student": null, "teacher": 3, "lunch_item": 7, "quantity": 1}}, {"model": "lunchreports.lunchitemorder", "pk": 38, "fields": {"student": null, "teacher": 3, "lunch_item": 3, "quantity": 1}}, {"model": "lunchreports.lunchitemorder", "pk": 39, "fields": {"student": null, "teacher": 3, "lunch_item": 2, "quantity": 2}}]